"meta__disclaimer","meta__terms","meta__license","meta__last_updated","meta__results__skip","meta__results__limit","meta__results__total","results__product_ndc","results__generic_name","results__labeler_name","results__dea_schedule","results__brand_name","results__active_ingredients__name","results__active_ingredients__strength","results__finished","results__packaging__package_ndc","results__packaging__description","results__packaging__marketing_start_date","results__packaging__sample","results__listing_expiration_date","results__openfda__manufacturer_name__-","results__openfda__rxcui__001","results__openfda__rxcui__002","results__openfda__rxcui__003","results__openfda__rxcui__004","results__openfda__rxcui__005","results__openfda__rxcui__006","results__openfda__rxcui__007","results__openfda__rxcui__008","results__openfda__rxcui__009","results__openfda__spl_set_id__-","results__openfda__nui__001","results__openfda__nui__002","results__openfda__nui__003","results__openfda__nui__004","results__openfda__nui__005","results__openfda__pharm_class_epc__001","results__openfda__pharm_class_epc__002","results__openfda__pharm_class_cs__-","results__openfda__pharm_class_moa__001","results__openfda__pharm_class_moa__002","results__openfda__pharm_class_moa__003","results__openfda__pharm_class_pe__-","results__openfda__is_original_packager__-","results__openfda__upc__001","results__openfda__upc__002","results__openfda__upc__003","results__openfda__upc__004","results__openfda__upc__005","results__openfda__upc__006","results__openfda__unii__001","results__openfda__unii__002","results__openfda__unii__003","results__marketing_category","results__dosage_form","results__spl_id","results__product_type","results__route__-","results__marketing_start_date","results__product_id","results__application_number","results__brand_name_base","results__pharm_class__001","results__pharm_class__002","results__pharm_class__003","results__pharm_class__004","results__pharm_class__005","results__pharm_class__006","results__pharm_class__007","results__pharm_class__008"
"Do not rely on openFDA to make decisions regarding medical care. While we make every effort to ensure that data is accurate, you should assume all results are unvalidated. We may limit or otherwise restrict your access to the API in line with our Terms of Service.","https://open.fda.gov/terms/","https://open.fda.gov/license/","2025-12-13","0","135674","135674","72188-170","LIDOCAINE HYDROCHLORIDE, MENTHOL","Prime Commerce, LLC","","MAXOCAINE PAIN RELIEVING ROLL-ON","LIDOCAINE HYDROCHLORIDE","40 mg/mL","True","72188-170-03","88 mL in 1 BOTTLE, WITH APPLICATOR (72188-170-03)","20180301","False","20251231","Prime Commerce, LLC","2002008","","","","","","","","","c263d5f2-89b9-4dfd-91c8-f894e5f956c9","","","","","","","","","","","","","True","0787639610960","","","","","","V13007Z41A","L7T10EIP3A","","OTC MONOGRAPH DRUG","LIQUID","09dc681e-2348-4213-e063-6394a90a41e1","HUMAN OTC DRUG","TOPICAL","20180301","72188-170_09dc681e-2348-4213-e063-6394a90a41e1","M017","MAXOCAINE PAIN RELIEVING ROLL-ON","Amide Local Anesthetic [EPC]","Amides [CS]","Antiarrhythmic [EPC]","Local Anesthesia [PE]","","","",""
"","","","","","","","","","","","","MENTHOL","10 mg/mL","","","","","","","","","","","","","","","","","","","","","","","","","","","","","","","","","","","","","","","","","","","","","","","","","","","","","","","",""
"","","","","","","","72189-009","Hydroxyzine Pamoate","Direct_Rx","","Hydroxyzine Pamoate","HYDROXYZINE PAMOATE","25 mg/1","True","72189-009-15","15 CAPSULE in 1 BOTTLE (72189-009-15)","20190626","False","20261231","Direct_Rx","995253","","","","","","","","","8c395a13-9da3-7b77-e053-2995a90a1916","","","","","","","","","","","","","","","","","","","","M20215MUFR","","","ANDA","CAPSULE","2c4e7a35-ff56-4971-e063-6294a90ae9df","HUMAN PRESCRIPTION DRUG","ORAL","20190626","72189-009_2c4e7a35-ff56-4971-e063-6294a90ae9df","ANDA201507","Hydroxyzine Pamoate","Antihistamine [EPC]","Histamine Receptor Antagonists [MoA]","","","","","",""
"","","","","","","","","","","","","","","","72189-009-60","60 CAPSULE in 1 BOTTLE (72189-009-60)","20190626","False","","","","","","","","","","","","","","","","","","","","","","","","","","","","","","","","","","","","","","","","","","","","","","","","","","",""
"","","","","","","","72189-080","CYCLOBENZAPRINE HYDROCHLORIDE","DIRECT RX","","CYCLOBENZAPRINE HYDROCHLORIDE","CYCLOBENZAPRINE HYDROCHLORIDE","10 mg/1","True","72189-080-07","7 TABLET, FILM COATED in 1 BOTTLE (72189-080-07)","20200513","False","20261231","DIRECT RX","828348","","","","","","","","","a58cf759-048b-6740-e053-2a95a90a8b43","","","","","","","","","","","","","","","","","","","","0VE05JYS2P","","","ANDA","TABLET, FILM COATED","2be81315-9d30-1301-e063-6394a90a6a84","HUMAN PRESCRIPTION DRUG","ORAL","20200513","72189-080_2be81315-9d30-1301-e063-6394a90a6a84","ANDA208170","CYCLOBENZAPRINE HYDROCHLORIDE","Centrally-mediated Muscle Relaxation [PE]","Muscle Relaxant [EPC]","","","","","",""
"","","","","","","","","","","","","","","","72189-080-10","10 TABLET, FILM COATED in 1 BOTTLE (72189-080-10)","20200513","False","","","","","","","","","","","","","","","","","","","","","","","","","","","","","","","","","","","","","","","","","","","","","","","","","","",""
"","","","","","","","","","","","","","","","72189-080-15","15 TABLET, FILM COATED in 1 BOTTLE (72189-080-15)","20200513","False","","","","","","","","","","","","","","","","","","","","","","","","","","","","","","","","","","","","","","","","","","","","","","","","","","",""
"","","","","","","","","","","","","","","","72189-080-20","20 TABLET, FILM COATED in 1 BOTTLE (72189-080-20)","20200513","False","","","","","","","","","","","","","","","","","","","","","","","","","","","","","","","","","","","","","","","","","","","","","","","","","","",""
"","","","","","","","","","","","","","","","72189-080-21","21 TABLET, FILM COATED in 1 BOTTLE (72189-080-21)","20200513","False","","","","","","","","","","","","","","","","","","","","","","","","","","","","","","","","","","","","","","","","","","","","","","","","","","",""
"","","","","","","","","","","","","","","","72189-080-30","30 TABLET, FILM COATED in 1 BOTTLE (72189-080-30)","20200513","False","","","","","","","","","","","","","","","","","","","","","","","","","","","","","","","","","","","","","","","","","","","","","","","","","","",""
"","","","","","","","","","","","","","","","72189-080-45","45 TABLET, FILM COATED in 1 BOTTLE (72189-080-45)","20200513","False","","","","","","","","","","","","","","","","","","","","","","","","","","","","","","","","","","","","","","","","","","","","","","","","","","",""
"","","","","","","","","","","","","","","","72189-080-60","60 TABLET, FILM COATED in 1 BOTTLE (72189-080-60)","20200513","False","","","","","","","","","","","","","","","","","","","","","","","","","","","","","","","","","","","","","","","","","","","","","","","","","","",""
"","","","","","","","","","","","","","","","72189-080-72","120 TABLET, FILM COATED in 1 BOTTLE (72189-080-72)","20200513","False","","","","","","","","","","","","","","","","","","","","","","","","","","","","","","","","","","","","","","","","","","","","","","","","","","",""
"","","","","","","","","","","","","","","","72189-080-90","90 TABLET, FILM COATED in 1 BOTTLE (72189-080-90)","20200513","False","","","","","","","","","","","","","","","","","","","","","","","","","","","","","","","","","","","","","","","","","","","","","","","","","","",""
"","","","","","","","72189-093","AZITHROMYCIN","DIRECT RX","","AZITHROMYCIN","AZITHROMYCIN DIHYDRATE","250 mg/1","True","72189-093-06","6 TABLET, FILM COATED in 1 BLISTER PACK (72189-093-06)","20200515","False","20261231","DIRECT RX","248656","308460","749780","749783","","","","","","a5b4092d-ab72-f5d1-e053-2995a90ac582","","","","","","","","","","","","","","","","","","","","5FD1131I7S","","","ANDA","TABLET, FILM COATED","26f851bf-1b84-d000-e063-6394a90a079c","HUMAN PRESCRIPTION DRUG","ORAL","20200515","72189-093_26f851bf-1b84-d000-e063-6394a90a079c","ANDA210000","AZITHROMYCIN","Macrolide Antimicrobial [EPC]","Macrolides [CS]","","","","","",""
"","","","","","","","0480-9435","diclofenac potassium","TEVA PHARMACEUTICALS, INC.","","Diclofenac potassium","DICLOFENAC POTASSIUM","25 mg/1","True","0480-9435-89","120 CAPSULE, LIQUID FILLED in 1 BOTTLE (0480-9435-89)","20220324","False","20261231","TEVA PHARMACEUTICALS, INC.","858342","","","","","","","","","d9685883-9d0b-81da-e053-2a95a90ab8d8","","","","","","","","","","","","","True","","","","","","","L4D5UA6CB4","","","ANDA","CAPSULE, LIQUID FILLED","40461510-7592-d588-e063-6394a90a8b9e","HUMAN PRESCRIPTION DRUG","ORAL","20220324","0480-9435_40461510-7592-d588-e063-6394a90a8b9e","ANDA204648","Diclofenac potassium","Anti-Inflammatory Agents","Non-Steroidal [CS]","Cyclooxygenase Inhibitors [MoA]","Decreased Prostaglandin Production [PE]","Nonsteroidal Anti-inflammatory Drug [EPC]","","",""
"","","","","","","","72189-113","GABAPENTIN","DIRECT RX","","GABAPENTIN","GABAPENTIN","400 mg/1","True","72189-113-30","30 CAPSULE in 1 BOTTLE (72189-113-30)","20201015","False","20261231","DIRECT RX","310430","310432","310434","","","","","","","a7e45e3f-e382-32ba-e053-2a95a90a2537","N0000008486","","","","","","","","","","","Decreased Central Nervous System Disorganized Electrical Activity [PE]","","","","","","","","6CW7F3G59X","","","ANDA","CAPSULE","2becf606-de3d-b686-e063-6294a90afe58","HUMAN PRESCRIPTION DRUG","ORAL","20201015","72189-113_2becf606-de3d-b686-e063-6294a90afe58","ANDA090007","GABAPENTIN","Decreased Central Nervous System Disorganized Electrical Activity [PE]","","","","","","",""
"","","","","","","","","","","","","","","","72189-113-60","60 CAPSULE in 1 BOTTLE (72189-113-60)","20201015","False","","","","","","","","","","","","","","","","","","","","","","","","","","","","","","","","","","","","","","","","","","","","","","","","","","",""
"","","","","","","","","","","","","","","","72189-113-72","120 CAPSULE in 1 BOTTLE (72189-113-72)","20201015","False","","","","","","","","","","","","","","","","","","","","","","","","","","","","","","","","","","","","","","","","","","","","","","","","","","",""
"","","","","","","","","","","","","","","","72189-113-90","90 CAPSULE in 1 BOTTLE (72189-113-90)","20201015","False","","","","","","","","","","","","","","","","","","","","","","","","","","","","","","","","","","","","","","","","","","","","","","","","","","",""
"","","","","","","","72189-116","CILOSTAZOL","direct rx","","CILOSTAZOL","CILOSTAZOL","50 mg/1","True","72189-116-60","60 TABLET in 1 BOTTLE (72189-116-60)","20201202","False","20261231","direct rx","242462","","","","","","","","","b57d3c1e-e36f-5255-e053-2a95a90ada83","N0000175598","N0000175086","","","","Phosphodiesterase 3 Inhibitor [EPC]","","","Phosphodiesterase 3 Inhibitors [MoA]","","","","","","","","","","","N7Z035406B","","","ANDA","TABLET","2be8fd92-0c90-d751-e063-6394a90af165","HUMAN PRESCRIPTION DRUG","ORAL","20201202","72189-116_2be8fd92-0c90-d751-e063-6394a90af165","ANDA077027","CILOSTAZOL","Phosphodiesterase 3 Inhibitor [EPC]","Phosphodiesterase 3 Inhibitors [MoA]","","","","","",""
"","","","","","","","72189-162","AMLODIPINE BESYLATE","DIRECT RX","","AMLODIPINE BESYLATE","AMLODIPINE BESYLATE","2.5 mg/1","True","72189-162-90","90 TABLET in 1 BOTTLE (72189-162-90)","20210112","False","20261231","DIRECT RX","308136","898342","","","","","","","","b8b9a3cd-c4e7-dfeb-e053-2a95a90aa719","","","","","","","","","","","","","","","","","","","","864V2Q084H","N1SN99T69T","","ANDA","TABLET","2be94c25-4a48-39f0-e063-6294a90ab40c","HUMAN PRESCRIPTION DRUG","ORAL","20210112","72189-162_2be94c25-4a48-39f0-e063-6294a90ab40c","ANDA078925","AMLODIPINE BESYLATE","Calcium Channel Antagonists [MoA]","Calcium Channel Blocker [EPC]","Cytochrome P450 3A Inhibitors [MoA]","Dihydropyridine Calcium Channel Blocker [EPC]","Dihydropyridines [CS]","","",""
"","","","","","","","72189-163","LEVOTHYROXINE SODIUM","DIRECT RX","","LEVOTHYROXINE SODIUM","LEVOTHYROXINE SODIUM","88 ug/1","True","72189-163-90","90 TABLET in 1 BOTTLE (72189-163-90)","20210108","False","20261231","DIRECT RX","892246","966220","966221","966222","966224","966225","966248","966253","966270","a5f15022-1166-09fe-e053-2a95a90aa218","","","","","","","","","","","","","","","","","","","","9J765S329G","","","NDA","TABLET","1922dbd9-96de-8652-e063-6294a90a0afe","HUMAN PRESCRIPTION DRUG","ORAL","20210108","72189-163_1922dbd9-96de-8652-e063-6294a90a0afe","NDA021116","LEVOTHYROXINE SODIUM","Thyroxine [CS]","l-Thyroxine [EPC]","","","","","",""
"","","","","","","","72189-165","LIDOCAINE","DIRECT RX","","LIDOCAINE","LIDOCAINE","50 mg/g","True","72189-165-35","35.44 g in 1 BOTTLE (72189-165-35)","20210108","False","20261231","DIRECT RX","1543069","","","","","","","","","b8663046-67a4-4858-e053-2a95a90a8aed","N0000175682","M0000897","N0000175426","N0000175976","","Amide Local Anesthetic [EPC]","Antiarrhythmic [EPC]","Amides [CS]","","","","Local Anesthesia [PE]","","","","","","","","98PI200987","","","ANDA","OINTMENT","2be93d76-d4a0-2516-e063-6394a90abb26","HUMAN PRESCRIPTION DRUG","TOPICAL","20210108","72189-165_2be93d76-d4a0-2516-e063-6394a90abb26","ANDA086724","LIDOCAINE","Amide Local Anesthetic [EPC]","Amides [CS]","Antiarrhythmic [EPC]","Local Anesthesia [PE]","","","",""
"","","","","","","","72189-180","KETOCONAZOLE","Direct Rx","","KETOCONAZOLE","KETOCONAZOLE","200 mg/1","True","72189-180-07","7 TABLET in 1 BOTTLE (72189-180-07)","20210224","False","20261231","Direct Rx","197853","","","","","","","","","bc189ce2-3f10-260d-e053-2a95a90ae808","N0000175487","M0002083","N0000182141","N0000190115","N0000185503","Azole Antifungal [EPC]","","Azoles [CS]","Cytochrome P450 3A4 Inhibitors [MoA]","Cytochrome P450 3A5 Inhibitors [MoA]","P-Glycoprotein Inhibitors [MoA]","","","","","","","","","R9400W927I","","","ANDA","TABLET","2be953af-ba6e-e430-e063-6294a90a9a1a","HUMAN PRESCRIPTION DRUG","ORAL","20210224","72189-180_2be953af-ba6e-e430-e063-6294a90a9a1a","ANDA075912","KETOCONAZOLE","Azole Antifungal [EPC]","Azoles [CS]","Cytochrome P450 3A4 Inhibitors [MoA]","Cytochrome P450 3A5 Inhibitors [MoA]","P-Glycoprotein Inhibitors [MoA]","","",""
"","","","","","","","0480-9744","lisdexamfetamine dimesylate","Teva Pharmaceuticals, Inc.","CII","lisdexamfetamine dimesylate","LISDEXAMFETAMINE DIMESYLATE","60 mg/1","True","0480-9744-01","100 TABLET, CHEWABLE in 1 BOTTLE (0480-9744-01)","20240916","False","20261231","Teva Pharmaceuticals, Inc.","1871456","1871460","1871462","1871464","1871466","1871468","","","","bdb03bfa-0398-41e5-8e73-ded696cbca32","","","","","","","","","","","","","True","0304809739018","0304809741011","0304809744012","0304809742018","0304809738011","0304809737014","SJT761GEGS","","","ANDA","TABLET, CHEWABLE","a9418850-010a-4fff-9aa7-d7167d58d8b6","HUMAN PRESCRIPTION DRUG","ORAL","20240916","0480-9744_a9418850-010a-4fff-9aa7-d7167d58d8b6","ANDA215415","lisdexamfetamine dimesylate","Central Nervous System Stimulant [EPC]","Central Nervous System Stimulation [PE]","","","","","",""
"","","","","","","","72189-199","Folic Acid","DIRECT RX","","Folic Acid","FOLIC ACID","1 mg/1","True","72189-199-30","30 TABLET in 1 BOTTLE (72189-199-30)","20210412","False","20261231","DIRECT RX","310410","","","","","","","","","bfcb0849-6d9b-7705-e053-2a95a90a6541","","","","","","","","","","","","","","","","","","","","935E97BOY8","","","ANDA","TABLET","2be95d4a-3002-97e4-e063-6294a90a5f3f","HUMAN PRESCRIPTION DRUG","ORAL","20210412","72189-199_2be95d4a-3002-97e4-e063-6294a90a5f3f","ANDA204418","Folic Acid","","","","","","","",""
"","","","","","","","72189-205","IRBESARTAN","direct rx","","IRBESARTAN","IRBESARTAN","150 mg/1","True","72189-205-90","90 TABLET in 1 BOTTLE (72189-205-90)","20210421","False","20261231","direct rx","200094","200095","200096","","","","","","","bfdf76ae-fedf-630c-e053-2995a90a9868","N0000000070","N0000175561","","","","Angiotensin 2 Receptor Blocker [EPC]","","","Angiotensin 2 Receptor Antagonists [MoA]","","","","","","","","","","","J0E2756Z7N","","","ANDA","TABLET","2c290c08-d35e-21b4-e063-6394a90a73b9","HUMAN PRESCRIPTION DRUG","ORAL","20210421","72189-205_2c290c08-d35e-21b4-e063-6394a90a73b9","ANDA202910","IRBESARTAN","Angiotensin 2 Receptor Antagonists [MoA]","Angiotensin 2 Receptor Blocker [EPC]","","","","","",""
"","","","","","","","72189-216","PRIMIDONE","DIRECT RX","","PRIMIDONE","PRIMIDONE","50 mg/1","True","72189-216-60","60 TABLET in 1 BOTTLE (72189-216-60)","20210511","False","20261231","DIRECT RX","198150","","","","","","","","","c20f803c-e965-9dd8-e053-2995a90a92ba","N0000175753","N0000008486","","","","Anti-epileptic Agent [EPC]","","","","","","Decreased Central Nervous System Disorganized Electrical Activity [PE]","","","","","","","","13AFD7670Q","","","ANDA","TABLET","2be9877c-0b1e-23b4-e063-6394a90af68f","HUMAN PRESCRIPTION DRUG","ORAL","20210511","72189-216_2be9877c-0b1e-23b4-e063-6394a90af68f","ANDA040586","PRIMIDONE","Anti-epileptic Agent [EPC]","Decreased Central Nervous System Disorganized Electrical Activity [PE]","","","","","",""
"","","","","","","","72189-219","METFORMIN HYDROCHLORIDE","direct rx","","METFORMIN HYDROCHLORIDE","METFORMIN HYDROCHLORIDE","500 mg/1","True","72189-219-30","30 TABLET in 1 BOTTLE (72189-219-30)","20210526","False","20261231","direct rx","861004","861007","861010","","","","","","","c33e24e9-0441-6b94-e053-2a95a90a9c68","","","","","","","","","","","","","","","","","","","","786Z46389E","","","ANDA","TABLET","26f87772-5f1a-9f70-e063-6394a90ad99b","HUMAN PRESCRIPTION DRUG","ORAL","20210526","72189-219_26f87772-5f1a-9f70-e063-6394a90ad99b","ANDA203769","METFORMIN HYDROCHLORIDE","Biguanide [EPC]","Biguanides [CS]","","","","","",""
"","","","","","","","","","","","","","","","72189-219-60","60 TABLET in 1 BOTTLE (72189-219-60)","20210526","False","","","","","","","","","","","","","","","","","","","","","","","","","","","","","","","","","","","","","","","","","","","","","","","","","","",""
"","","","","","","","","","","","","","","","72189-219-82","180 TABLET in 1 BOTTLE (72189-219-82)","20210526","False","","","","","","","","","","","","","","","","","","","","","","","","","","","","","","","","","","","","","","","","","","","","","","","","","","",""
"","","","","","","","","","","","","","","","72189-219-90","90 TABLET in 1 BOTTLE (72189-219-90)","20210526","False","","","","","","","","","","","","","","","","","","","","","","","","","","","","","","","","","","","","","","","","","","","","","","","","","","",""
"","","","","","","","72189-231","IBUPROFEN","DIRECT RX","","IBUPROFEN","IBUPROFEN","600 mg/1","True","72189-231-21","21 TABLET, FILM COATED in 1 BOTTLE (72189-231-21)","20210604","False","20261231","DIRECT RX","197806","197807","","","","","","","","c3f30813-0848-6e8a-e053-2995a90a3dea","N0000000160","M0001335","N0000175722","","","Nonsteroidal Anti-inflammatory Drug [EPC]","","Anti-Inflammatory Agents, Non-Steroidal [CS]","Cyclooxygenase Inhibitors [MoA]","","","","","","","","","","","WK2XYI10QM","","","ANDA","TABLET, FILM COATED","2c285455-94b8-8154-e063-6394a90a0e8c","HUMAN PRESCRIPTION DRUG","ORAL","20210604","72189-231_2c285455-94b8-8154-e063-6394a90a0e8c","ANDA090796","IBUPROFEN","Anti-Inflammatory Agents","Non-Steroidal [CS]","Cyclooxygenase Inhibitors [MoA]","Nonsteroidal Anti-inflammatory Drug [EPC]","","","",""
"","","","","","","","","","","","","","","","72189-231-30","30 TABLET, FILM COATED in 1 BOTTLE (72189-231-30)","20210604","False","","","","","","","","","","","","","","","","","","","","","","","","","","","","","","","","","","","","","","","","","","","","","","","","","","",""
"","","","","","","","","","","","","","","","72189-231-60","60 TABLET, FILM COATED in 1 BOTTLE (72189-231-60)","20210604","False","","","","","","","","","","","","","","","","","","","","","","","","","","","","","","","","","","","","","","","","","","","","","","","","","","",""
"","","","","","","","","","","","","","","","72189-231-90","90 TABLET, FILM COATED in 1 BOTTLE (72189-231-90)","20210604","False","","","","","","","","","","","","","","","","","","","","","","","","","","","","","","","","","","","","","","","","","","","","","","","","","","",""
"","","","","","","","72189-250","LEVOTHYROXINE SODIUM","DIRECT RX","","LEVOTHYROXINE SODIUM","LEVOTHYROXINE SODIUM","137 ug/1","True","72189-250-90","90 TABLET in 1 BOTTLE (72189-250-90)","20210723","False","20261231","DIRECT RX","892246","966220","966221","966222","966224","966225","966248","966253","966270","a5f15022-1166-09fe-e053-2a95a90aa218","","","","","","","","","","","","","","","","","","","","9J765S329G","","","NDA","TABLET","1922dbd9-96de-8652-e063-6294a90a0afe","HUMAN PRESCRIPTION DRUG","ORAL","20210723","72189-250_1922dbd9-96de-8652-e063-6294a90a0afe","NDA021116","LEVOTHYROXINE SODIUM","Thyroxine [CS]","l-Thyroxine [EPC]","","","","","",""
"","","","","","","","72189-261","ARMODAFINIL","direct rx","CIV","ARMODAFINIL","ARMODAFINIL","250 mg/1","True","72189-261-30","30 TABLET in 1 BOTTLE (72189-261-30)","20210913","False","20261231","direct rx","724861","","","","","","","","","b1ba1cdd-cf57-7a8c-e053-2a95a90a2c19","","","","","","","","","","","","","","","","","","","","V63XWA605I","","","NDA AUTHORIZED GENERIC","TABLET","2c28fdcb-8329-f51c-e063-6394a90a2fe2","HUMAN PRESCRIPTION DRUG","ORAL","20210913","72189-261_2c28fdcb-8329-f51c-e063-6394a90a2fe2","NDA021875","ARMODAFINIL","","","","","","","",""
"","","","","","","","72189-281","AMOXICILLIN AND CLAVULANATE POTASSIUM","DirectRx","","AMOXICILLIN AND CLAVULANATE POTASSIUM","AMOXICILLIN","500 mg/1","True","72189-281-14","14 TABLET, FILM COATED in 1 BOTTLE (72189-281-14)","20211007","False","20261231","DirectRx","617296","","","","","","","","","cdc6d30a-754e-6672-e053-2a95a90afa7f","","","","","","","","","","","","","","","","","","","","804826J2HU","Q42OMW3AT8","","ANDA","TABLET, FILM COATED","2c2908f5-e111-e912-e063-6294a90a01c9","HUMAN PRESCRIPTION DRUG","ORAL","20211007","72189-281_2c2908f5-e111-e912-e063-6294a90a01c9","ANDA065064","AMOXICILLIN AND CLAVULANATE POTASSIUM","Penicillin-class Antibacterial [EPC]","Penicillins [CS]","beta Lactamase Inhibitor [EPC]","beta Lactamase Inhibitors [MoA]","","","",""
"","","","","","","","","","","","","CLAVULANATE POTASSIUM","125 mg/1","","72189-281-20","20 TABLET, FILM COATED in 1 BOTTLE (72189-281-20)","20211007","False","","","","","","","","","","","","","","","","","","","","","","","","","","","","","","","","","","","","","","","","","","","","","","","","","","",""
"","","","","","","","72189-290","LOSARTAN POTASSIUM AND HYDROCHLOROTHIAZIDE","DirectRx","","LOSARTAN POTASSIUM AND HYDROCHLOROTHIAZIDE","HYDROCHLOROTHIAZIDE","12.5 mg/1","True","72189-290-90","90 TABLET, FILM COATED in 1 BOTTLE (72189-290-90)","20211129","False","20261231","DirectRx","979464","","","","","","","","","d1ee193e-bf78-3134-e053-2a95a90a65d2","N0000175359","N0000175419","M0471776","","","Thiazide Diuretic [EPC]","","Thiazides [CS]","","","","Increased Diuresis [PE]","","","","","","","","0J48LPH2TH","3ST302B24A","","ANDA","TABLET, FILM COATED","2c294389-2485-bf83-e063-6394a90a70d2","HUMAN PRESCRIPTION DRUG","ORAL","20211129","72189-290_2c294389-2485-bf83-e063-6394a90a70d2","ANDA202289","LOSARTAN POTASSIUM AND HYDROCHLOROTHIAZIDE","Angiotensin 2 Receptor Antagonists [MoA]","Angiotensin 2 Receptor Blocker [EPC]","Increased Diuresis [PE]","Thiazide Diuretic [EPC]","Thiazides [CS]","","",""
"","","","","","","","","","","","","LOSARTAN POTASSIUM","100 mg/1","","","","","","","","","","","","","","","","","","","","","","","","","","","","","","","","","","","","","","","","","","","","","","","","","","","","","","","",""
"","","","","","","","72189-291","ATORVASTATIN CALCIUM","DirectRX","","ATORVASTATIN CALCIUM","ATORVASTATIN","20 mg/1","True","72189-291-90","90 TABLET in 1 BOTTLE (72189-291-90)","20211110","False","20261231","DirectRX","617310","","","","","","","","","d076309f-313a-1c71-e053-2995a90a7bb7","N0000175589","N0000000121","","","","HMG-CoA Reductase Inhibitor [EPC]","","","Hydroxymethylglutaryl-CoA Reductase Inhibitors [MoA]","","","","","","","","","","","A0JWA85V8F","","","ANDA","TABLET","2c2947eb-f8b1-c0f8-e063-6394a90aa6f0","HUMAN PRESCRIPTION DRUG","ORAL","20211110","72189-291_2c2947eb-f8b1-c0f8-e063-6394a90aa6f0","ANDA213853","ATORVASTATIN CALCIUM","HMG-CoA Reductase Inhibitor [EPC]","Hydroxymethylglutaryl-CoA Reductase Inhibitors [MoA]","","","","","",""
"","","","","","","","0485-0171","DEXTROMETHORPHAN HYDROBROMIDE, CHLORPHENIRAMINE MALEATE, and PHENYLEPHRINE HYDROCHLORIDE","EDWARDS PHARMACEUTICALS, INC.","","ED A-HIST DM","CHLORPHENIRAMINE MALEATE","4 mg/5mL","True","0485-0171-16","473 mL in 1 BOTTLE, PLASTIC (0485-0171-16)","20120911","False","20251231","EDWARDS PHARMACEUTICALS, INC.","1086443","","","","","","","","","e0e2b117-62bc-4132-9f7c-fe2a912052b1","","","","","","","","","","","","","True","","","","","","","V1Q0O9OJ9Z","9D2RTI9KYH","04JA59TNSJ","OTC MONOGRAPH DRUG","LIQUID","2a33009e-df79-a14f-e063-6394a90a82bb","HUMAN OTC DRUG","ORAL","20120911","0485-0171_2a33009e-df79-a14f-e063-6394a90a82bb","M012","ED A-HIST DM","Adrenergic alpha1-Agonists [MoA]","Histamine H1 Receptor Antagonists [MoA]","Histamine-1 Receptor Antagonist [EPC]","Sigma-1 Agonist [EPC]","Sigma-1 Receptor Agonists [MoA]","Uncompetitive N-methyl-D-aspartate Receptor Antagonist [EPC]","Uncompetitive NMDA Receptor Antagonists [MoA]","alpha-1 Adrenergic Agonist [EPC]"
"","","","","","","","","","","","","DEXTROMETHORPHAN HYDROBROMIDE","15 mg/5mL","","","","","","","","","","","","","","","","","","","","","","","","","","","","","","","","","","","","","","","","","","","","","","","","","","","","","","","",""
"","","","","","","","","","","","","PHENYLEPHRINE HYDROCHLORIDE","10 mg/5mL","","","","","","","","","","","","","","","","","","","","","","","","","","","","","","","","","","","","","","","","","","","","","","","","","","","","","","","",""
"","","","","","","","72189-318","ESOMEPRAZOLE MAGNESIUM","Direct Rx","","ESOMEPRAZOLE MAGNESIUM","ESOMEPRAZOLE MAGNESIUM","40 mg/1","True","72189-318-30","30 CAPSULE, DELAYED RELEASE in 1 BOTTLE (72189-318-30)","20220119","False","20261231","Direct Rx","606730","","","","","","","","","d5f56bd4-3a59-6857-e053-2995a90a6e00","","","","","","","","","","","","","","","","","","","","R6DXU4WAY9","","","ANDA","CAPSULE, DELAYED RELEASE","2c3d1a7e-adf4-c587-e063-6394a90a0637","HUMAN PRESCRIPTION DRUG","ORAL","20220119","72189-318_2c3d1a7e-adf4-c587-e063-6394a90a0637","ANDA211977","ESOMEPRAZOLE MAGNESIUM","Cytochrome P450 2C19 Inhibitors [MoA]","Proton Pump Inhibitor [EPC]","Proton Pump Inhibitors [MoA]","","","","",""
"","","","","","","","72189-340","Quetiapine Fumarate","Direct Rx","","Quetiapine Fumarate","QUETIAPINE FUMARATE","100 mg/1","True","72189-340-30","30 TABLET in 1 BOTTLE (72189-340-30)","20220328","False","20261231","Direct Rx","312743","","","","","","","","","db48ec02-1119-f343-e053-2a95a90afb3b","","","","","","","","","","","","","","","","","","","","2S3PL1B6UJ","","","ANDA","TABLET","2c4c665e-2c4a-1290-e063-6294a90af14b","HUMAN PRESCRIPTION DRUG","ORAL","20220328","72189-340_2c4c665e-2c4a-1290-e063-6294a90af14b","ANDA201504","Quetiapine Fumarate","Atypical Antipsychotic [EPC]","","","","","","",""
"","","","","","","","","","","","","","","","72189-340-60","60 TABLET in 1 BOTTLE (72189-340-60)","20220328","False","","","","","","","","","","","","","","","","","","","","","","","","","","","","","","","","","","","","","","","","","","","","","","","","","","",""
"","","","","","","","72189-352","Hydrocodone APAP","Direct_Rx","CII","Hydrocodone APAP","ACETAMINOPHEN","325 mg/1","True","72189-352-30","30 TABLET in 1 BOTTLE (72189-352-30)","20220510","False","20261231","Direct_Rx","857005","","","","","","","","","deaa53c1-81ed-7497-e053-2995a90a07cc","","","","","","","","","","","","","","","","","","","","362O9ITL9D","NO70W886KK","","ANDA","TABLET","2cc75c9b-0042-6e35-e063-6394a90adfb5","HUMAN PRESCRIPTION DRUG","ORAL","20220510","72189-352_2cc75c9b-0042-6e35-e063-6394a90adfb5","ANDA211487","Hydrocodone APAP","Opioid Agonist [EPC]","Opioid Agonists [MoA]","","","","","",""
"","","","","","","","","","","","","HYDROCODONE BITARTRATE","7.5 mg/1","","72189-352-60","60 TABLET in 1 BOTTLE (72189-352-60)","20220510","False","","","","","","","","","","","","","","","","","","","","","","","","","","","","","","","","","","","","","","","","","","","","","","","","","","",""
"","","","","","","","","","","","","","","","72189-352-72","120 TABLET in 1 BOTTLE (72189-352-72)","20220510","False","","","","","","","","","","","","","","","","","","","","","","","","","","","","","","","","","","","","","","","","","","","","","","","","","","",""
"","","","","","","","","","","","","","","","72189-352-90","90 TABLET in 1 BOTTLE (72189-352-90)","20220510","False","","","","","","","","","","","","","","","","","","","","","","","","","","","","","","","","","","","","","","","","","","","","","","","","","","",""
"","","","","","","","72189-364","Ropinirole","Direct_Rx","","Ropinirole","ROPINIROLE HYDROCHLORIDE",".25 mg/1","True","72189-364-30","30 TABLET, FILM COATED in 1 BOTTLE (72189-364-30)","20220621","False","20261231","Direct_Rx","312845","","","","","","","","","e1fb0b51-4f8a-965d-e053-2a95a90ad936","","","","","","","","","","","","","","","","","","","","D7ZD41RZI9","","","ANDA","TABLET, FILM COATED","2c4c8dd5-f07a-0339-e063-6394a90afedb","HUMAN PRESCRIPTION DRUG","ORAL","20220621","72189-364_2c4c8dd5-f07a-0339-e063-6394a90afedb","ANDA204022","Ropinirole","Dopamine Agonists [MoA]","Nonergot Dopamine Agonist [EPC]","","","","","",""
"","","","","","","","72189-367","Amoxicillin/Clav Pot Oral Susp","Direct_Rx","","Amoxicillin/Clav Pot Oral Susp","AMOXICILLIN","400 mg/5mL","True","72189-367-32","5 mL in 1 BOTTLE (72189-367-32)","20220808","False","20261231","Direct_Rx","617430","","","","","","","","","e5bd9918-b073-c50b-e053-2a95a90aaeb7","","","","","","","","","","","","","","","","","","","","804826J2HU","Q42OMW3AT8","","ANDA","POWDER, FOR SUSPENSION","2c4c9fa2-4c33-c1f5-e063-6294a90a4706","HUMAN PRESCRIPTION DRUG","ORAL","20220808","72189-367_2c4c9fa2-4c33-c1f5-e063-6294a90a4706","ANDA201090","Amoxicillin/Clav Pot Oral Susp","Penicillin-class Antibacterial [EPC]","Penicillins [CS]","beta Lactamase Inhibitor [EPC]","beta Lactamase Inhibitors [MoA]","","","",""
"","","","","","","","","","","","","CLAVULANATE POTASSIUM","57 mg/5mL","","","","","","","","","","","","","","","","","","","","","","","","","","","","","","","","","","","","","","","","","","","","","","","","","","","","","","","",""
"","","","","","","","72189-394","Gabapentin","Direct_Rx","","Gabapentin","GABAPENTIN","800 mg/1","True","72189-394-30","30 TABLET in 1 BOTTLE (72189-394-30)","20221116","False","20261231","Direct_Rx","310434","","","","","","","","","ed9c501c-24e4-da89-e053-2a95a90a64c6","N0000008486","","","","","","","","","","","Decreased Central Nervous System Disorganized Electrical Activity [PE]","","","","","","","","6CW7F3G59X","","","ANDA","TABLET","3725f1c1-dc68-6231-e063-6394a90aaec9","HUMAN PRESCRIPTION DRUG","ORAL","20221116","72189-394_3725f1c1-dc68-6231-e063-6394a90aaec9","ANDA214957","Gabapentin","Decreased Central Nervous System Disorganized Electrical Activity [PE]","","","","","","",""
"","","","","","","","","","","","","","","","72189-394-60","60 TABLET in 1 BOTTLE (72189-394-60)","20221116","False","","","","","","","","","","","","","","","","","","","","","","","","","","","","","","","","","","","","","","","","","","","","","","","","","","",""
"","","","","","","","","","","","","","","","72189-394-72","120 TABLET in 1 BOTTLE (72189-394-72)","20221116","False","","","","","","","","","","","","","","","","","","","","","","","","","","","","","","","","","","","","","","","","","","","","","","","","","","",""
"","","","","","","","","","","","","","","","72189-394-90","90 TABLET in 1 BOTTLE (72189-394-90)","20221116","False","","","","","","","","","","","","","","","","","","","","","","","","","","","","","","","","","","","","","","","","","","","","","","","","","","",""
"","","","","","","","72189-399","Hydrocodone/APAP","Direct_Rx","CII","Norco","ACETAMINOPHEN","325 mg/1","True","72189-399-30","30 TABLET in 1 BOTTLE (72189-399-30)","20221123","False","20261231","Direct_Rx","","","","","","","","","","ee248dfd-7aa7-7dcc-e053-2995a90af19f","","","","","","","","","","","","","","","","","","","","362O9ITL9D","NO70W886KK","","ANDA","TABLET","2c4ce870-c59f-df00-e063-6394a90a9011","HUMAN PRESCRIPTION DRUG","ORAL","20221123","72189-399_2c4ce870-c59f-df00-e063-6394a90a9011","ANDA040400","Norco","Opioid Agonist [EPC]","Opioid Agonists [MoA]","","","","","",""
"","","","","","","","","","","","","HYDROCODONE BITARTRATE","10 mg/1","","72189-399-60","60 TABLET in 1 BOTTLE (72189-399-60)","20221123","False","","","","","","","","","","","","","","","","","","","","","","","","","","","","","","","","","","","","","","","","","","","","","","","","","","",""
"","","","","","","","","","","","","","","","72189-399-72","120 TABLET in 1 BOTTLE (72189-399-72)","20221123","False","","","","","","","","","","","","","","","","","","","","","","","","","","","","","","","","","","","","","","","","","","","","","","","","","","",""
"","","","","","","","","","","","","","","","72189-399-90","90 TABLET in 1 BOTTLE (72189-399-90)","20221123","False","","","","","","","","","","","","","","","","","","","","","","","","","","","","","","","","","","","","","","","","","","","","","","","","","","",""
"","","","","","","","72189-403","Emtricitabine/TDF","Direct_Rx","","Emtricitabine/TDF","EMTRICITABINE","200 mg/1","True","72189-403-03","3 TABLET, FILM COATED in 1 BOTTLE (72189-403-03)","20221205","False","","","","","","","","","","","","","","","","","","","","","","","","","","","","","","","","","","","","","","","","","","","","","","","","","","",""
"","","","","","","","","","","","","TENOFOVIR DISOPROXIL FUMARATE","300 mg/1","","","","","","","","","","","","","","","","","","","","","","","","","","","","","","","","","","","","","","","","","","","","","","","","","","","","","","","",""
